,Prediction,Actual Point Difference,Closing Odds,Prediction Outcome,Game Code
0,-7,-23,-1.5,202110190MIL,Correct
1,-7,-7,-3.5,202110190LAL,Correct
2,-7,1,1.5,202110200CHO,Correct
3,-7,6,5.0,202110200DET,Incorrect
4,-7,-4,-2.5,202110200NYK,Correct
5,-7,-15,-2.5,202110200TOR,Correct
6,-7,-18,-6.5,202110200MIN,Correct
7,-7,-20,4.0,202110200NOP,Correct
8,-7,-21,-14.0,202110200UTA,Incorrect
9,-7,-3,-6.5,202110200POR,Incorrect
10,-7,12,-6.0,202110200PHO,Incorrect
11,-7,26,-2.5,202110210ATL,Incorrect
12,-19,42,-3.0,202110210MIA,Incorrect
13,-19,-2,-4.0,202110210GSW,Incorrect
14,11,25,7.5,202110220ORL,Correct
15,8,11,2.5,202110220CLE,Correct
16,-28,-1,2.0,202110220WAS,Correct
17,-32,5,1.0,202110220PHI,Incorrect
18,2,-32,-7.0,202110220BOS,Incorrect
19,8,16,-7.0,202110220CHI,Correct
20,3,33,-2.5,202110220HOU,Correct
21,-39,6,-7.5,202110220DEN,Incorrect
22,-5,-10,-1.5,202110220LAL,Correct
23,-19,-9,6.5,202110220SAC,Correct
24,20,-6,8.5,202110230CLE,Incorrect
25,-19,11,3.0,202110230IND,Incorrect
26,-32,8,5.0,202110230TOR,Incorrect
27,21,7,-7.5,202110230MIN,Correct
28,11,15,-8.0,202110230CHI,Correct
29,5,10,6.0,202110230SAS,Incorrect
30,8,-29,-3.0,202110230POR,Incorrect
31,-22,-6,-4.0,202110230LAC,Correct
32,-6,-16,-9.0,202110240BRK,Incorrect
33,11,-6,-12.0,202110240NYK,Correct
34,-15,-12,9.5,202110240OKC,Correct
35,-32,10,5.0,202110240HOU,Incorrect
36,7,12,3.0,202110240SAC,Correct
37,-8,3,-5.5,202110240LAL,Incorrect
38,-2,-10,1.0,202110250IND,Correct
39,-16,11,2.0,202110250CHO,Incorrect
40,11,3,2.0,202110250TOR,Correct
41,-12,14,-6.0,202110250BRK,Incorrect
42,11,18,-11.5,202110250ATL,Correct
43,14,17,-13.5,202110250MIA,Correct
44,21,-9,-5.5,202110250MIN,Incorrect
45,-28,12,-9.5,202110250DEN,Incorrect
46,-10,30,-2.5,202110250LAC,Incorrect
47,-8,13,-1.0,202110260NYK,Incorrect
48,10,8,11.0,202110260OKC,Correct
49,-28,10,-11.0,202110260DAL,Incorrect
50,5,4,-2.0,202110260SAS,Correct
51,-20,-12,-7.5,202110260UTA,Correct
52,10,9,5.5,202110270ORL,Correct
53,-6,-18,-1.0,202110270TOR,Correct
54,-6,-13,-3.5,202110270BRK,Correct
55,11,3,5.0,202110270NOP,Incorrect
56,-10,-9,-4.0,202110270BOS,Correct
57,5,-5,-5.5,202110270MIL,Correct
58,10,-8,5.5,202110270OKC,Incorrect
59,17,-20,-2.5,202110270POR,Incorrect
60,-3,-3,-8.0,202110270PHO,Correct
61,5,13,-8.5,202110270LAC,Correct
62,5,-11,4.0,202110280WAS,Incorrect
63,-15,-8,-11.0,202110280PHI,Incorrect
64,8,-1,-1.5,202110280CHI,Correct
65,-16,-31,9.5,202110280HOU,Correct
66,5,5,-6.5,202110280DAL,Correct
67,-10,3,-6.0,202110280GSW,Incorrect
68,-19,-1,-9.5,202110290TOR,Incorrect
69,-19,-15,-7.0,202110290MIA,Correct
70,-5,7,-8.5,202110290BRK,Correct
71,-10,-4,1.5,202110290NOP,Correct
72,5,-31,-4.0,202110290DEN,Incorrect
73,-5,-19,-3.5,202110290POR,Correct
74,7,-12,-8.0,202110290LAL,Incorrect
75,-16,-3,-2.0,202110300WAS,Correct
76,-16,-6,8.0,202110300NOP,Correct
77,-8,7,-6.0,202110300DET,Incorrect
78,-6,-3,-3.0,202110300IND,Push
79,5,-28,-3.5,202110300PHI,Incorrect
80,-7,8,3.5,202110300CHI,Incorrect
81,5,-9,-7.0,202110300MIL,Incorrect
82,-19,-26,-3.5,202110300MEM,Correct
83,7,21,-12.5,202110300GSW,Correct
84,2,2,-1.5,202110300MIN,Correct
85,8,-9,-10.0,202110300PHO,Correct
86,-3,6,-4.5,202110310DAL,Correct
87,8,12,2.0,202110310CHO,Correct
88,-7,-12,4.5,202110310MIL,Correct
89,5,26,-12.0,202110310BRK,Correct
90,-7,-10,-11.0,202110310LAL,Correct
91,-6,13,-2.5,202111010IND,Incorrect
92,5,-3,-5.0,202111010CHO,Correct
93,6,10,2.0,202111010PHI,Correct
94,5,-9,-7.5,202111010NYK,Incorrect
95,3,7,-5.5,202111010ATL,Correct
96,-10,-14,-3.0,202111010BOS,Correct
97,6,-9,-2.0,202111010MEM,Incorrect
98,8,-18,-8.5,202111010MIN,Incorrect
99,-5,5,-12.5,202111010LAC,Correct
100,-10,-28,4.5,202111020DET,Correct
101,-7,-15,2.5,202111020DAL,Correct
102,-7,-6,-9.5,202111020UTA,Correct
103,3,-12,-10.0,202111020PHO,Incorrect
104,-7,-2,-11.0,202111020LAL,Correct
105,-5,-5,-2.5,202111030PHI,Correct
106,8,3,5.5,202111030CLE,Incorrect
107,-7,13,7.0,202111030ORL,Incorrect
108,-10,9,-3.5,202111030WAS,Incorrect
109,-7,13,-1.0,202111030IND,Incorrect
110,5,-9,-4.5,202111030BRK,Incorrect
111,6,-2,1.0,202111030MEM,Incorrect
112,-5,11,2.5,202111030MIN,Incorrect
113,5,1,2.0,202111030SAS,Incorrect
114,3,-22,-6.0,202111030GSW,Incorrect
115,-10,-13,-6.0,202111030SAC,Correct
116,-15,-11,4.5,202111040DET,Correct
117,-13,-18,1.5,202111040ATL,Correct
118,-7,17,-6.5,202111040MIA,Incorrect
119,3,-12,-11.5,202111040PHO,Incorrect
120,8,-3,-10.5,202111040LAL,Correct
121,5,-13,4.0,202111050ORL,Incorrect
122,3,-28,-2.5,202111050WAS,Incorrect
123,11,6,9.5,202111050DET,Incorrect
124,-7,-15,-3.5,202111050MIL,Correct
125,-5,20,2.5,202111050MIN,Incorrect
126,-7,-4,-6.0,202111050POR,Incorrect
127,-10,-41,-9.5,202111050GSW,Correct
128,7,1,-11.5,202111060DEN,Correct
129,1,3,0.0,202111060MIA,Correct
130,-7,-9,-4.0,202111060CHI,Correct
131,-2,-3,-3.5,202111060DAL,Correct
132,5,-4,-3.0,202111060PHO,Incorrect
133,8,-15,-5.5,202111060POR,Incorrect
134,-5,13,3.5,202111070TOR,Incorrect
135,-16,7,11.0,202111070ORL,Correct
136,-2,3,-2.5,202111070SAC,Correct
137,-7,-7,1.0,202111070WAS,Correct
138,-7,17,-7.5,202111070NYK,Correct
139,-7,5,3.5,202111070OKC,Incorrect
140,-19,-13,-13.0,202111070GSW,Push
141,5,-14,-6.0,202111070LAC,Incorrect
142,-7,7,2.0,202111080PHI,Incorrect
143,5,-23,0.0,202111080CHI,Incorrect
144,5,7,-4.5,202111080MEM,Correct
145,8,16,-9.0,202111080DAL,Correct
146,-7,17,1.5,202111080DEN,Incorrect
147,-13,-14,-3.5,202111080GSW,Correct
148,-3,5,3.5,202111080SAC,Incorrect
149,5,-3,-2.5,202111080LAL,Incorrect
150,-7,9,6.5,202111090PHI,Incorrect
151,-7,-12,-8.5,202111090UTA,Incorrect
152,-5,8,-3.0,202111090LAC,Incorrect
153,11,33,10.0,202111100ORL,Correct
154,3,-3,3.5,202111100CLE,Correct
155,-7,8,-2.5,202111100HOU,Incorrect
156,-6,16,-3.0,202111100BOS,Incorrect
157,-7,12,-3.5,202111100NYK,Incorrect
158,-7,10,-4.5,202111100MEM,Incorrect
159,-2,-8,-4.0,202111100NOP,Incorrect
160,6,10,-3.5,202111100CHI,Correct
161,5,-19,-1.0,202111100SAS,Incorrect
162,8,3,3.0,202111100DEN,Push
163,8,10,-5.0,202111100PHO,Correct
164,-7,3,5.5,202111100LAL,Correct
165,-10,-13,-7.5,202111100GSW,Correct
166,2,-6,-4.0,202111110PHI,Incorrect
167,-7,11,-10.5,202111110UTA,Correct
168,-5,3,-5.5,202111110LAC,Correct
169,-7,8,2.5,202111120CHO,Incorrect
170,7,20,-4.5,202111120CLE,Correct
171,-7,9,-5.5,202111120BOS,Incorrect
172,-10,-25,2.0,202111120MEM,Correct
173,11,8,9.5,202111120NOP,Incorrect
174,-3,2,5.0,202111120OKC,Correct
175,3,-12,7.0,202111120HOU,Correct
176,5,14,2.5,202111120SAS,Correct
177,5,-9,-3.0,202111120DEN,Incorrect
178,-7,-26,-5.5,202111120GSW,Correct
179,11,-24,0.0,202111120LAL,Incorrect
180,-7,6,-9.0,202111130UTA,Correct
181,-7,5,-4.5,202111130IND,Incorrect
182,8,-11,3.5,202111130NOP,Incorrect
183,-7,-12,5.0,202111130ORL,Correct
184,-7,6,-7.5,202111130TOR,Correct
185,-7,-2,-2.0,202111130CLE,Push
186,-5,27,-7.0,202111130LAC,Correct
187,-9,8,-2.0,202111140LAL,Incorrect
188,5,20,-2.0,202111140ATL,Correct
189,-7,4,5.5,202111140CHO,Correct
190,-16,-26,8.5,202111140HOU,Correct
191,6,24,9.0,202111140OKC,Incorrect
192,8,29,-6.0,202111140DEN,Correct
193,5,10,-3.5,202111140LAC,Correct
194,-10,-5,-4.5,202111150WAS,Correct
195,-10,-22,4.0,202111150DET,Correct
196,-7,6,4.0,202111150CLE,Incorrect
197,-7,-8,-3.0,202111150NYK,Correct
198,5,18,-10.5,202111150ATL,Correct
199,7,13,6.5,202111150OKC,Correct
200,-10,-3,4.0,202111150MIN,Correct
201,-7,10,-5.5,202111150DAL,Incorrect
202,3,-34,-11.5,202111150MEM,Incorrect
203,5,5,-3.0,202111150POR,Correct
204,7,18,2.0,202111150LAL,Correct
205,-6,-18,-2.5,202111160BRK,Correct
206,-7,-35,-11.5,202111160UTA,Incorrect
207,7,14,-8.0,202111160LAC,Correct
208,-7,8,6.5,202111170DET,Incorrect
209,-7,10,-1.0,202111170CHO,Incorrect
210,7,15,-6.5,202111170MIA,Correct
211,-8,-7,-9.0,202111170MIL,Correct
212,5,11,-5.0,202111170ATL,Correct
213,11,-6,-11.5,202111170NYK,Correct
214,-5,10,-9.5,202111170BRK,Correct
215,3,-12,-3.0,202111170OKC,Incorrect
216,-10,10,-2.5,202111170MIN,Incorrect
217,8,-5,-3.5,202111170POR,Incorrect
218,5,-7,-8.0,202111170PHO,Correct
219,-2,15,-6.5,202111180MIA,Correct
220,-7,-15,10.0,202111180CLE,Correct
221,-5,-12,0.0,202111180MEM,Correct
222,-3,-14,-7.5,202111180DEN,Incorrect
223,8,3,1.0,202111190CHO,Correct
224,-16,-3,1.5,202111190DET,Correct
225,5,22,-1.0,202111190BOS,Correct
226,11,2,-9.5,202111190BRK,Correct
227,5,7,-12.5,202111190MIL,Correct
228,8,-13,4.5,202111190NOP,Incorrect
229,8,6,3.5,202111190DEN,Correct
230,5,-8,-8.5,202111190PHO,Correct
231,-5,-19,-3.5,202111190SAC,Correct
232,-7,-7,-11.0,202111200NYK,Correct
233,-2,-3,2.0,202111200WAS,Correct
234,7,17,-7.5,202111200IND,Correct
235,5,10,-7.5,202111200ATL,Correct
236,7,6,-9.5,202111200BOS,Correct
237,11,9,-12.5,202111200MIL,Correct
238,5,-43,-2.5,202111200MIN,Incorrect
239,-7,-18,7.5,202111200SAC,Correct
240,8,-7,-7.5,202111200POR,Correct
241,5,-6,-5.5,202111210LAC,Incorrect
242,-7,-5,7.0,202111210DET,Correct
243,8,6,-5.5,202111210CHI,Correct
244,-2,-29,-11.0,202111210PHO,Incorrect
245,6,15,-9.0,202111210GSW,Correct
246,-7,6,-4.5,202111220WAS,Incorrect
247,-5,5,5.5,202111220CLE,Correct
248,11,18,-12.0,202111220BOS,Correct
249,5,12,-13.5,202111220ATL,Correct
250,8,14,3.5,202111220NOP,Correct
251,11,31,-13.0,202111220MIL,Correct
252,8,-32,-1.5,202111220CHI,Incorrect
253,7,4,5.5,202111220SAS,Incorrect
254,-7,1,-11.0,202111220UTA,Correct
255,7,8,-5.0,202111220SAC,Correct
256,-7,-8,10.5,202111230DET,Correct
257,-8,-6,-4.5,202111230NYK,Correct
258,-3,-19,-10.0,202111230POR,Incorrect
259,5,8,-2.5,202111230LAC,Correct
260,7,-8,-6.5,202111240IND,Incorrect
261,-2,-5,7.0,202111240CLE,Correct
262,-10,-19,-1.5,202111240BOS,Correct
263,-7,-21,-15.0,202111240MIL,Incorrect
264,-10,25,3.5,202111240NOP,Incorrect
265,5,-13,-3.5,202111240MEM,Incorrect
266,11,-5,9.5,202111240HOU,Incorrect
267,-7,-6,14.0,202111240OKC,Correct
268,7,-12,1.0,202111240MIN,Incorrect
269,5,18,3.5,202111240SAS,Correct
270,7,-4,3.5,202111240SAC,Incorrect
271,7,20,-10.0,202111240GSW,Correct
272,-10,-11,-11.5,202111260LAC,Correct
273,11,35,9.5,202111260ORL,Correct
274,-5,18,-2.0,202111260CHO,Incorrect
275,-10,-21,4.0,202111260NYK,Correct
276,6,32,1.0,202111260MEM,Correct
277,-7,-2,6.0,202111260OKC,Correct
278,7,-8,4.5,202111260SAS,Incorrect
279,-7,1,-13.5,202111260UTA,Correct
280,-2,-11,6.5,202111260DEN,Correct
281,8,15,-6.0,202111260GSW,Correct
282,-8,-4,-7.5,202111260LAL,Incorrect
283,-8,1,-7.0,202111270PHI,Incorrect
284,5,-6,-1.5,202111270BRK,Incorrect
285,5,-9,-8.0,202111270ATL,Incorrect
286,11,-3,5.0,202111270HOU,Incorrect
287,-5,-3,1.0,202111270CHI,Correct
288,7,13,-10.0,202111270CLE,Correct
289,-7,-6,-6.5,202111270DAL,Incorrect
290,-7,-22,-12.5,202111270UTA,Incorrect
291,-7,-15,2.5,202111280LAC,Correct
292,-2,-18,2.0,202111280IND,Correct
293,-5,12,2.0,202111280TOR,Incorrect
294,-7,27,-4.0,202111280MEM,Incorrect
295,-7,-4,-10.5,202111280LAL,Correct
296,-7,-5,-14.0,202111290PHI,Correct
297,-7,9,-3.0,202111290MIA,Incorrect
298,3,13,-2.5,202111290HOU,Correct
299,5,-2,-4.0,202111290MIN,Correct
300,-7,-14,-5.5,202111290CHI,Correct
301,-7,17,3.0,202111290SAS,Incorrect
302,-2,18,-6.5,202111290DAL,Correct
303,6,-19,-7.0,202111290LAC,Incorrect
304,5,7,-3.0,202111300TOR,Correct
305,8,2,-6.0,202111300BRK,Correct
306,-7,-18,-7.5,202111300POR,Incorrect
307,-2,-8,-3.0,202111300PHO,Incorrect
308,-3,25,0.0,202111300SAC,Incorrect
309,5,3,-2.0,202112010IND,Correct
310,8,-8,-3.5,202112010WAS,Incorrect
311,7,-5,8.0,202112010ORL,Correct
312,-7,26,-3.0,202112010MIA,Incorrect
313,-7,1,-3.0,202112010BOS,Incorrect
314,-3,32,4.0,202112010NOP,Incorrect
315,-7,-2,-9.0,202112010MIL,Correct
316,3,4,-2.5,202112010OKC,Correct
317,7,-9,-6.0,202112010LAC,Incorrect
318,-5,-4,-1.5,202112020TOR,Correct
319,8,4,2.0,202112020NYK,Correct
320,9,73,-11.5,202112020MEM,Correct
321,-16,-11,-11.5,202112020PHO,Incorrect
322,5,-31,-5.0,202112020POR,Incorrect
323,-4,15,-3.0,202112030WAS,Incorrect
324,5,-9,-5.5,202112030IND,Incorrect
325,5,-2,-2.5,202112030ATL,Correct
326,5,5,-9.0,202112030BRK,Correct
327,8,2,-2.5,202112030HOU,Correct
328,8,-16,-7.0,202112030DAL,Incorrect
329,-7,-7,-8.0,202112030UTA,Correct
330,-2,22,-7.5,202112030GSW,Correct
331,-7,-4,-2.5,202112030LAL,Correct
332,-7,14,-2.5,202112040NYK,Incorrect
333,-2,-22,-6.5,202112040MIL,Incorrect
334,5,-4,-2.5,202112040BRK,Incorrect
335,7,-5,-9.0,202112040GSW,Correct
336,-3,-7,0.0,202112040DAL,Correct
337,-7,28,-1.0,202112040POR,Incorrect
338,7,-5,2.0,202112040SAC,Incorrect
339,-7,-1,5.0,202112050CLE,Correct
340,-10,12,-1.0,202112050TOR,Incorrect
341,5,-3,-7.5,202112050ATL,Correct
342,8,10,2.5,202112050HOU,Correct
343,8,-11,-3.0,202112060DET,Incorrect
344,-7,6,-6.0,202112060IND,Incorrect
345,8,-3,7.5,202112060CHO,Incorrect
346,5,15,-5.5,202112060MIA,Correct
347,-2,-8,-9.0,202112060MIL,Correct
348,5,11,-2.0,202112060MIN,Correct
349,8,12,-2.0,202112060CHI,Correct
350,7,4,-7.0,202112060PHO,Correct
351,-3,12,5.0,202112060POR,Incorrect
352,7,31,-16.0,202112060GSW,Correct
353,7,3,1.5,202112070DAL,Correct
354,5,12,1.5,202112070SAS,Correct
355,7,-15,-3.0,202112070LAL,Incorrect
356,-7,-3,5.0,202112080DET,Correct
357,-5,-23,-3.0,202112080CLE,Correct
358,-7,-4,6.5,202112080CHO,Correct
359,-7,20,-5.0,202112080IND,Incorrect
360,-5,1,-7.5,202112080TOR,Correct
361,-2,9,6.5,202112080MIA,Incorrect
362,-7,-32,6.5,202112080MIN,Correct
363,-3,8,-1.0,202112080MEM,Incorrect
364,-3,6,2.0,202112080NOP,Incorrect
365,11,-10,3.5,202112080HOU,Incorrect
366,7,10,-14.5,202112080GSW,Correct
367,-7,-12,-7.5,202112080SAC,Incorrect
368,5,-3,0.0,202112080LAC,Incorrect
369,-7,-22,3.0,202112090PHI,Correct
370,-7,-13,4.0,202112090MEM,Correct
371,5,-12,-2.0,202112090SAS,Incorrect
372,8,1,1.5,202112100CHO,Incorrect
373,-3,-13,-2.0,202112100IND,Correct
374,5,-8,-2.0,202112100ATL,Incorrect
375,5,-3,-1.5,202112100TOR,Incorrect
376,-7,-9,9.5,202112100HOU,Correct
377,-7,-16,-6.5,202112100NOP,Correct
378,7,17,2.0,202112100MIN,Correct
379,7,21,4.0,202112100OKC,Correct
380,-10,-21,-3.0,202112100PHO,Correct
381,7,2,-8.5,202112110LAC,Correct
382,-7,-7,-8.0,202112110MEM,Correct
383,-5,-26,1.5,202112110MIA,Correct
384,7,14,-6.5,202112110CLE,Correct
385,-2,15,0.0,202112110SAS,Incorrect
386,7,-9,3.0,202112110PHI,Incorrect
387,8,15,6.0,202112120NYK,Correct
388,11,12,7.0,202112120DET,Correct
389,-9,-15,-2.0,202112120SAS,Correct
390,7,19,4.0,202112120OKC,Correct
391,8,5,-3.0,202112120POR,Correct
392,7,12,-10.0,202112120LAL,Correct
393,8,11,-5.5,202112130CLE,Correct
394,-5,-23,-4.5,202112130TOR,Correct
395,-7,-2,4.0,202112130IND,Correct
396,-7,14,1.0,202112130BOS,Incorrect
397,5,-6,-10.5,202112130ATL,Correct
398,-7,35,1.0,202112130MEM,Incorrect
399,8,-24,-2.5,202112130DAL,Incorrect
400,-7,16,3.5,202112130LAC,Incorrect
401,-13,-9,5.5,202112140NYK,Correct
402,-5,2,-4.0,202112140BRK,Incorrect
403,8,4,1.0,202112140POR,Correct
404,-2,5,-7.5,202112150PHI,Correct
405,7,12,9.0,202112150ORL,Incorrect
406,7,35,-9.5,202112150CLE,Correct
407,5,-3,4.0,202112150DAL,Incorrect
408,-7,-15,3.0,202112150MIL,Correct
409,7,3,4.5,202112150OKC,Incorrect
410,5,16,-2.5,202112150SAS,Correct
411,6,-17,-4.0,202112150DEN,Incorrect
412,8,10,0.0,202112150POR,Correct
413,-7,14,2.5,202112150SAC,Incorrect
414,-7,-21,-13.5,202112150UTA,Incorrect
415,-7,-9,-10.5,202112160IND,Correct
416,8,9,3.0,202112160BRK,Correct
417,-8,-13,5.5,202112160HOU,Correct
418,8,20,-8.5,202112160PHO,Correct
419,7,10,9.0,202112170ORL,Incorrect
420,5,-18,-3.5,202112170ATL,Incorrect
421,-7,-4,4.0,202112170BOS,Correct
422,6,-4,-1.5,202112170NOP,Incorrect
423,-7,2,-11.5,202112170UTA,Correct
424,8,-9,-1.5,202112170POR,Incorrect
425,7,19,6.0,202112170SAC,Correct
426,-5,-18,1.0,202112170MIN,Correct
427,-3,-9,1.0,202112180DET,Correct
428,-7,7,-6.0,202112180BOS,Incorrect
429,11,-7,-5.0,202112180BRK,Incorrect
430,6,-19,-7.5,202112180TOR,Incorrect
431,7,-1,4.5,202112180OKC,Incorrect
432,8,29,6.0,202112180MIL,Correct
433,7,-6,-10.5,202112180UTA,Correct
434,-7,10,6.0,202112190DET,Incorrect
435,8,-5,-4.0,202112190MEM,Incorrect
436,5,-31,-8.5,202112190PHO,Incorrect
437,5,-6,-3.5,202112190MIN,Incorrect
438,5,5,-7.0,202112190CHI,Correct
439,5,-5,-3.0,202112200BOS,Incorrect
440,7,-3,-9.0,202112200MEM,Correct
441,7,15,-7.5,202112200CHI,Correct
442,-7,-10,-12.5,202112200UTA,Correct
443,7,15,-13.5,202112200GSW,Correct
444,-3,-24,-6.0,202112200LAC,Incorrect
445,5,-29,2.5,202112210MIA,Incorrect
446,-7,-14,-7.5,202112210NYK,Incorrect
447,-9,14,0.0,202112210NOP,Incorrect
448,5,12,2.0,202112210DAL,Correct
449,-7,-18,7.0,202112210LAL,Correct
450,7,-6,-8.0,202112220ATL,Correct
451,-7,10,-6.5,202112220BOS,Incorrect
452,6,-14,6.5,202112220OKC,Correct
453,-7,-20,-8.5,202112220MIL,Incorrect
454,-3,16,4.0,202112220SAC,Incorrect
455,5,2,-11.0,202112230PHI,Correct
456,7,6,4.5,202112230ORL,Correct
457,-7,-12,-6.5,202112230IND,Correct
458,-7,-3,-12.0,202112230MIA,Correct
459,5,-7,-3.5,202112230NYK,Incorrect
460,-7,-7,3.5,202112230DAL,Correct
461,5,8,-2.0,202112230DEN,Correct
462,-7,-12,-15.0,202112230UTA,Correct
463,-7,-12,-15.0,202112230PHO,Correct
464,-7,-9,-5.5,202112230GSW,Correct
465,-3,-28,-1.5,202112230LAL,Correct
466,5,-14,-5.5,202112250NYK,Incorrect
467,-7,-4,-7.5,202112250MIL,Correct
468,-2,9,-6.0,202112250PHO,Correct
469,5,7,-2.5,202112250LAL,Correct
470,-7,-4,-13.5,202112250UTA,Correct
471,7,10,-10.5,202112260MIA,Correct
472,8,21,4.0,202112260WAS,Correct
473,7,25,2.0,202112260SAC,Correct
474,7,45,-9.0,202112260CLE,Correct
475,-7,-35,-10.0,202112260SAS,Incorrect
476,-2,-5,1.5,202112260OKC,Correct
477,8,8,-4.0,202112260CHI,Correct
478,5,3,3.5,202112260LAC,Incorrect
479,5,24,-8.0,202112270CHO,Correct
480,5,-12,3.0,202112270ATL,Incorrect
481,-7,-6,7.0,202112270SAS,Correct
482,-10,1,-7.5,202112270PHO,Incorrect
483,8,15,-3.0,202112270POR,Correct
484,5,16,4.0,202112270LAC,Correct
485,7,17,15.0,202112280ORL,Incorrect
486,-5,5,6.0,202112280TOR,Correct
487,7,7,-8.0,202112280MIA,Correct
488,8,-8,5.0,202112280MIN,Incorrect
489,6,-4,4.5,202112280NOP,Incorrect
490,3,-9,6.0,202112280HOU,Correct
491,-7,3,-8.0,202112280GSW,Correct
492,-7,-6,-5.5,202112280SAC,Correct
493,8,8,-4.0,202112290IND,Correct
494,-7,-9,8.5,202112290DET,Correct
495,5,-9,-6.0,202112290BOS,Incorrect
496,5,-14,-7.5,202112290CHI,Incorrect
497,-3,-5,-6.0,202112290MEM,Correct
498,-7,-18,-16.0,202112290PHO,Incorrect
499,-7,-15,8.0,202112290POR,Correct
500,7,-1,0.0,202112290SAC,Incorrect
501,8,-8,-5.0,202112300BRK,Incorrect
502,8,-17,-4.0,202112300WAS,Incorrect
503,7,18,14.0,202112300ORL,Incorrect
504,-10,15,3.0,202112310BOS,Incorrect
505,8,2,3.0,202112310IND,Incorrect
506,7,16,1.0,202112310SAC,Correct
507,-7,-10,5.0,202112310HOU,Correct
508,5,3,-1.5,202112310CLE,Correct
509,-5,-8,-6.5,202112310TOR,Incorrect
510,7,13,-5.5,202112310MEM,Correct
511,7,-15,2.5,202112310OKC,Incorrect
512,-7,-12,-12.5,202112310UTA,Correct
513,8,33,-5.5,202112310LAL,Correct
514,8,23,-12.0,202201010MIL,Correct
515,-7,1,6.5,202201010DET,Correct
516,8,1,2.0,202201010WAS,Incorrect
517,5,-4,-14.0,202201010BRK,Correct
518,11,13,8.5,202201010HOU,Correct
519,-3,7,-5.5,202201010UTA,Correct
520,5,-15,-8.0,202201020TOR,Incorrect
521,8,4,-4.5,202201020CLE,Correct
522,7,5,-10.0,202201020BOS,Correct
523,7,-2,3.5,202201020SAC,Incorrect
524,-7,-34,1.5,202201020CHO,Correct
525,7,9,10.0,202201020OKC,Correct
526,5,5,-7.0,202201020LAL,Correct
527,8,-3,-2.0,202201030WAS,Incorrect
528,3,-20,-13.0,202201030PHI,Incorrect
529,5,-14,-6.5,202201030BRK,Incorrect
530,-7,9,-17.0,202201030MIL,Correct
531,-7,-11,8.5,202201030NOP,Correct
532,11,4,-14.0,202201030CHI,Correct
533,5,14,-3.0,202201030DAL,Correct
534,5,-5,4.0,202201030POR,Incorrect
535,-7,-7,-10.5,202201030GSW,Correct
536,-5,-18,-3.5,202201030LAC,Correct
537,-5,-25,-7.0,202201040TOR,Incorrect
538,6,-4,-3.5,202201040CLE,Incorrect
539,5,-10,-3.5,202201040NYK,Incorrect
540,-16,-13,6.5,202201040NOP,Correct
541,-3,8,-6.5,202201040LAL,Correct
542,-7,-10,8.5,202201050ORL,Correct
543,3,3,-7.5,202201050WAS,Correct
544,5,29,-10.5,202201050CHO,Correct
545,7,-2,-7.5,202201050BOS,Correct
546,-7,17,4.5,202201050DAL,Incorrect
547,5,-6,-2.5,202201050MIL,Incorrect
548,-2,8,-9.5,202201050MIN,Correct
549,-7,-6,-1.0,202201050DEN,Correct
550,7,6,2.5,202201050POR,Correct
551,5,6,-1.5,202201050SAC,Correct
552,-7,-3,2.0,202201060NYK,Correct
553,-7,5,-1.0,202201060NOP,Incorrect
554,-7,-30,-13.5,202201060MEM,Incorrect
555,-7,-17,-10.5,202201060PHO,Incorrect
556,7,19,-8.5,202201070PHI,Correct
557,-10,14,-13.5,202201070TOR,Correct
558,8,-12,-4.0,202201070BRK,Incorrect
559,11,24,3.0,202201070HOU,Correct
560,-2,30,5.0,202201070OKC,Incorrect
561,8,8,-5.5,202201070CHI,Correct
562,7,10,-8.0,202201070DEN,Correct
563,5,-16,-1.0,202201070LAL,Incorrect
564,7,13,6.0,202201070POR,Correct
565,-3,-15,2.0,202201080LAC,Correct
566,-7,12,4.5,202201080IND,Incorrect
567,-7,8,-1.5,202201080CHO,Incorrect
568,8,5,-1.0,202201080DET,Correct
569,-7,24,-8.0,202201080BOS,Correct
570,5,2,-9.5,202201090BRK,Correct
571,5,-13,4.0,202201090LAC,Incorrect
572,5,-4,-7.0,202201090TOR,Correct
573,-7,-2,7.0,202201090ORL,Correct
574,6,4,7.0,202201090OKC,Correct
575,-6,-18,6.5,202201090HOU,Correct
576,8,-14,-2.0,202201090DAL,Incorrect
577,5,-14,-6.5,202201090GSW,Incorrect
578,7,15,1.5,202201090POR,Correct
579,-7,10,10.5,202201100DET,Correct
580,-7,4,2.5,202201100CHO,Incorrect
581,7,15,-6.5,202201100NYK,Correct
582,-7,3,-9.0,202201100BOS,Correct
583,3,-20,10.0,202201100HOU,Correct
584,7,1,5.5,202201100SAC,Incorrect
585,8,-6,8.5,202201100POR,Correct
586,-5,4,4.5,202201110TOR,Correct
587,-7,8,2.5,202201110MEM,Incorrect
588,8,-3,3.0,202201110NOP,Incorrect
589,11,46,-13.5,202201110CHI,Correct
590,5,-2,2.5,202201110LAC,Incorrect
591,-7,-6,-6.5,202201120WAS,Incorrect
592,8,19,-1.0,202201120IND,Correct
593,-7,11,-5.5,202201120PHI,Incorrect
594,5,-24,-2.5,202201120ATL,Incorrect
595,8,-23,2.5,202201120NYK,Incorrect
596,3,4,-7.0,202201120SAS,Correct
597,-7,20,-5.0,202201120UTA,Incorrect
598,7,-9,4.0,202201120SAC,Incorrect
599,5,26,1.5,202201120CHI,Correct
600,5,19,0.0,202201130MIL,Correct
601,-5,-24,-4.0,202201130NOP,Correct
602,5,8,-3.0,202201130MEM,Correct
603,7,-21,-5.5,202201130BRK,Incorrect
604,8,32,-11.5,202201130DEN,Correct
605,8,-7,-11.5,202201140CHO,Correct
606,-7,16,9.0,202201140DET,Incorrect
607,-10,-18,5.5,202201140IND,Correct
608,-2,-12,-3.0,202201140PHI,Incorrect
609,-7,-42,-2.5,202201140CHI,Correct
610,5,-6,-5.5,202201140MIA,Incorrect
611,7,5,3.0,202201140SAS,Correct
612,-7,-12,-5.0,202201140SAC,Correct
613,-3,27,-2.5,202201140MEM,Incorrect
614,5,-7,-7.5,202201150MIL,Correct
615,-7,5,-7.5,202201150WAS,Correct
616,5,-9,-1.5,202201150ATL,Incorrect
617,8,15,-5.5,202201150BRK,Correct
618,7,5,5.0,202201150OKC,Push
619,-2,-11,-3.0,202201150MIA,Incorrect
620,-10,2,-7.5,202201150BOS,Incorrect
621,8,-7,-1.5,202201150SAS,Incorrect
622,7,37,-4.5,202201150DEN,Correct
623,11,16,-11.5,202201150DAL,Correct
624,-16,-27,11.5,202201160DET,Correct
625,-7,6,-4.5,202201160SAC,Incorrect
626,-7,-23,5.5,202201160DEN,Correct
627,-7,20,-5.0,202201160MIN,Incorrect
628,7,12,-4.5,202201170BOS,Correct
629,8,10,-2.5,202201170NYK,Correct
630,8,-19,1.5,202201170WAS,Incorrect
631,5,-7,-4.0,202201170CLE,Incorrect
632,5,-6,-2.5,202201170LAC,Incorrect
633,-6,-13,-8.5,202201170MEM,Incorrect
634,-7,-10,2.0,202201170ORL,Correct
635,7,5,-4.0,202201170MIA,Correct
636,7,14,4.0,202201170SAS,Correct
637,7,2,-11.5,202201170DAL,Correct
638,-7,6,5.5,202201170LAL,Incorrect
639,8,2,4.0,202201180NYK,Incorrect
640,-7,-16,-15.5,202201180GSW,Incorrect
641,-7,-13,-11.5,202201190PHI,Incorrect
642,5,1,-1.0,202201190WAS,Correct
643,5,12,-1.5,202201190ATL,Correct
644,7,-9,-3.0,202201190BOS,Incorrect
645,7,12,-9.0,202201190MIA,Correct
646,8,-12,-6.5,202201190MIL,Incorrect
647,-7,13,3.5,202201190CHI,Incorrect
648,-5,4,-4.0,202201190DAL,Incorrect
649,-7,5,-14.0,202201190UTA,Correct
650,-7,2,-7.5,202201190SAC,Correct
651,5,2,-9.5,202201190DEN,Correct
652,-2,7,-3.5,202201190LAL,Correct
653,-7,11,-3.5,202201200NYK,Incorrect
654,-7,-8,2.0,202201200DAL,Correct
655,-7,4,-17.0,202201200GSW,Correct
656,8,11,4.5,202201210ORL,Correct
657,8,23,-9.0,202201210CHO,Correct
658,5,2,-1.5,202201210ATL,Correct
659,7,-4,-8.5,202201210BOS,Correct
660,-10,4,2.0,202201210WAS,Incorrect
661,8,-4,-11.5,202201210MIL,Correct
662,7,15,0.0,202201210SAS,Correct
663,2,-4,-3.5,202201210DEN,Incorrect
664,-7,-10,-14.5,202201210UTA,Correct
665,-7,-2,-12.5,202201210GSW,Correct
666,7,6,-8.0,202201220MIL,Correct
667,7,7,-12.0,202201220CLE,Correct
668,-10,-10,-13.0,202201220PHO,Correct
669,-5,-8,-4.0,202201230NYK,Correct
670,-4,29,2.0,202201230WAS,Incorrect
671,7,-19,3.5,202201230ORL,Incorrect
672,-6,9,-8.0,202201230TOR,Correct
673,-5,-6,-4.0,202201230MIA,Correct
674,5,22,-1.5,202201230CHO,Correct
675,7,6,1.0,202201230SAS,Correct
676,2,13,-4.0,202201230DAL,Correct
677,7,6,-12.0,202201230DEN,Correct
678,5,-11,-3.0,202201230MIN,Incorrect
679,-3,2,-2.0,202201230GSW,Incorrect
680,8,2,-4.5,202201240CLE,Correct
681,7,1,1.0,202201240OKC,Push
682,5,-4,-4.0,202201240NOP,Push
683,8,6,-12.5,202201240PHO,Correct
684,-7,1,-5.0,202201250WAS,Incorrect
685,-10,-10,-11.5,202201250PHI,Correct
686,-5,-12,1.0,202201250TOR,Correct
687,5,-10,3.5,202201250BRK,Incorrect
688,7,53,-9.0,202201250BOS,Correct
689,-7,-30,4.5,202201250HOU,Correct
690,-7,-38,-3.5,202201250GSW,Correct
691,8,2,3.0,202201250POR,Incorrect
692,8,32,2.0,202201260IND,Correct
693,8,16,4.0,202201260CLE,Correct
694,7,9,-1.0,202201260ORL,Correct
695,7,17,-11.0,202201260ATL,Correct
696,7,14,-6.0,202201260MIA,Correct
697,5,-6,5.5,202201260BRK,Correct
698,-5,6,-4.5,202201260CHI,Incorrect
699,8,8,4.0,202201260SAS,Correct
700,8,8,-1.0,202201260UTA,Correct
701,8,20,5.0,202201260POR,Correct
702,-7,-18,-6.0,202201270PHI,Correct
703,-7,-9,-6.5,202201270GSW,Correct
704,8,-16,-3.5,202201280ORL,Incorrect
705,8,3,-9.5,202201280CHO,Correct
706,5,16,-1.5,202201280ATL,Correct
707,6,11,4.0,202201280NOP,Correct
708,-8,10,-5.0,202201280MEM,Incorrect
709,-5,-7,-8.5,202201280MIA,Correct
710,7,3,1.5,202201280OKC,Correct
711,-7,-15,2.5,202201280HOU,Correct
712,7,-9,-2.0,202201280SAS,Incorrect
713,-10,-10,-8.0,202201280PHO,Correct
714,-5,15,-9.0,202201280MIL,Correct
715,8,27,-10.0,202201290DAL,Correct
716,7,10,6.5,202201290NOP,Correct
717,11,2,-10.5,202201290PHI,Correct
718,8,20,-6.0,202201290MEM,Correct
719,7,-4,-2.5,202201290MIA,Incorrect
720,5,-4,-10.5,202201290GSW,Correct
721,5,-25,-6.0,202201300CHO,Incorrect
722,5,8,-7.5,202201300ATL,Correct
723,-3,14,-5.0,202201300CHI,Correct
724,7,-10,7.5,202201300DET,Correct
725,11,-2,5.0,202201300ORL,Incorrect
726,-7,36,-6.5,202201300MIL,Incorrect
727,7,5,-13.5,202201300PHO,Correct
728,-8,20,-2.0,202201300MIN,Incorrect
729,5,6,0.0,202201310IND,Correct
730,7,3,-4.5,202201310CLE,Correct
731,-7,-3,3.5,202201310PHI,Correct
732,-7,30,-6.5,202201310BOS,Incorrect
733,7,20,-7.0,202201310NYK,Correct
734,5,-6,2.5,202201310ATL,Incorrect
735,-7,-14,10.0,202201310HOU,Correct
736,-3,17,3.5,202201310OKC,Incorrect
737,-7,-10,2.5,202202010DET,Correct
738,7,-4,-1.5,202202010TOR,Incorrect
739,7,14,-11.5,202202010MIL,Correct
740,7,11,-8.0,202202010CHI,Correct
741,7,-15,-1.5,202202010MIN,Incorrect
742,7,4,-6.5,202202010SAS,Correct
743,5,-10,-7.0,202202010PHO,Incorrect
744,5,-1,-3.5,202202020IND,Correct
745,8,-3,-10.0,202202020PHI,Correct
746,7,6,-6.5,202202020BOS,Correct
747,8,12,4.0,202202020NYK,Correct
748,7,-11,5.0,202202020HOU,Incorrect
749,7,-6,-12.0,202202020DAL,Correct
750,7,-11,5.0,202202020SAC,Incorrect
751,-8,-4,-6.5,202202020UTA,Incorrect
752,-3,5,-4.0,202202020LAL,Correct
753,-7,-11,7.5,202202030DET,Correct
754,-2,17,8.5,202202030SAS,Incorrect
755,-5,-7,-4.5,202202030TOR,Correct
756,5,9,3.0,202202030ATL,Correct
757,7,12,-14.0,202202030GSW,Correct
758,5,-1,-3.5,202202030LAC,Correct
759,8,7,1.0,202202040IND,Correct
760,7,9,11.0,202202040DET,Correct
761,5,-11,-2.0,202202040TOR,Incorrect
762,-7,-25,-8.0,202202040SAS,Incorrect
763,-7,-23,-5.5,202202040UTA,Correct
764,6,-8,-5.5,202202040DEN,Incorrect
765,-7,3,-5.5,202202040POR,Incorrect
766,-7,9,1.5,202202040DAL,Incorrect
767,9,20,8.0,202202050ORL,Correct
768,-5,-18,2.5,202202050CHO,Correct
769,8,7,-5.0,202202050LAL,Correct
770,7,29,10.5,202202050POR,Incorrect
771,-7,-10,-7.5,202202050SAC,Incorrect
772,5,-20,-8.5,202202060DEN,Incorrect
773,-7,-13,-12.5,202202060MIN,Incorrect
774,-7,-11,4.0,202202060CHI,Correct
775,7,33,9.0,202202060ORL,Incorrect
776,7,13,-7.0,202202060CLE,Correct
777,5,-9,1.5,202202060DAL,Incorrect
778,-7,-13,6.5,202202060HOU,Correct
779,-7,-24,5.5,202202060LAC,Correct
780,7,21,7.5,202202070WAS,Incorrect
781,-5,-15,1.0,202202070CHO,Correct
782,-7,-3,6.5,202202070CHI,Correct
783,7,12,12.0,202202070OKC,Push
784,-7,-5,-1.5,202202080PHI,Correct
785,7,21,-12.5,202202080ATL,Correct
786,7,35,10.5,202202080BRK,Incorrect
787,-7,-26,-8.0,202202080MEM,Incorrect
788,-7,-13,-8.5,202202080NOP,Incorrect
789,11,30,-10.5,202202080DAL,Correct
790,8,17,-9.0,202202080DEN,Correct
791,-7,-15,4.0,202202080LAL,Correct
792,-7,18,1.5,202202080POR,Incorrect
793,7,13,-5.5,202202090CLE,Correct
794,-7,-12,1.5,202202090CHO,Correct
795,-3,-19,10.5,202202090OKC,Correct
796,8,-13,7.0,202202090SAC,Incorrect
797,8,-26,-1.0,202202090UTA,Incorrect
798,8,-2,9.0,202202090POR,Correct
799,-7,-25,12.0,202202100DET,Correct
800,5,-1,-1.0,202202100WAS,Push
801,7,15,4.0,202202100NOP,Correct
802,-19,-19,7.0,202202100HOU,Correct
803,7,7,-6.5,202202100DAL,Correct
804,-13,2,-9.0,202202100GSW,Incorrect
805,-7,-24,-3.0,202202100PHO,Correct
806,7,7,6.0,202202110IND,Correct
807,-7,-13,-13.5,202202110PHI,Correct
808,5,22,6.0,202202110DET,Incorrect
809,7,-15,-8.5,202202110ATL,Incorrect
810,5,12,0.0,202202110CHI,Correct
811,-7,-15,-11.5,202202110UTA,Incorrect
812,5,-9,4.5,202202120POR,Incorrect
813,-9,-10,-6.5,202202120NOP,Correct
814,-7,13,3.0,202202120WAS,Incorrect
815,-7,-7,6.5,202202120CHO,Correct
816,7,-10,-2.5,202202120PHI,Incorrect
817,5,1,-5.5,202202120TOR,Correct
818,6,5,-10.0,202202120CHI,Correct
819,5,-4,-11.5,202202120MIA,Correct
820,-7,-2,-6.0,202202120GSW,Incorrect
821,7,-2,-7.0,202202120DAL,Correct
822,-16,-27,-16.5,202202120PHO,Incorrect
823,-6,-10,-7.5,202202130BOS,Incorrect
824,5,-9,7.5,202202130IND,Correct
825,-7,-9,-3.5,202202140WAS,Correct
826,-3,24,1.5,202202140BRK,Incorrect
827,-2,-4,-10.0,202202140NYK,Correct
828,7,11,-3.0,202202140CHI,Correct
829,7,-15,-11.0,202202140MIL,Incorrect
830,5,30,3.5,202202140NOP,Correct
831,-7,-34,-16.0,202202140UTA,Incorrect
832,7,10,-11.5,202202140DEN,Correct
833,-7,15,6.0,202202140LAC,Incorrect
834,-5,8,-5.5,202202150MIA,Correct
835,7,48,2.5,202202150PHI,Correct
836,5,8,-2.5,202202150ATL,Correct
837,8,12,3.5,202202150NOP,Correct
838,-7,-9,-14.5,202202150MIL,Correct
839,5,-6,-6.0,202202150MIN,Push
840,-7,-7,-12.5,202202150PHO,Correct
841,5,21,6.0,202202160ORL,Incorrect
842,7,-1,-12.0,202202160BOS,Correct
843,8,5,-4.5,202202160NYK,Correct
844,-7,5,-1.0,202202160IND,Incorrect
845,-5,-12,-1.0,202202160MIN,Correct
846,7,7,-6.0,202202160CHI,Correct
847,-3,-8,8.0,202202160OKC,Correct
848,8,-4,-12.5,202202160MEM,Correct
849,-19,-3,-17.0,202202160PHO,Incorrect
850,-7,1,-5.0,202202160GSW,Incorrect
851,-7,5,4.0,202202160LAL,Incorrect
852,-7,-4,4.0,202202170CHO,Correct
853,5,-14,-4.5,202202170BRK,Incorrect
854,8,7,2.5,202202170NOP,Correct
855,5,-3,-6.5,202202170MIL,Correct
856,3,-31,-11.0,202202170LAC,Incorrect
857,7,-3,5.5,202202240DET,Incorrect
858,7,23,9.0,202202240BRK,Incorrect
859,-7,-20,10.5,202202240OKC,Correct
860,5,-5,2.0,202202240MIN,Incorrect
861,5,-4,-3.0,202202240CHI,Incorrect
862,7,18,0.0,202202240SAC,Correct
863,7,37,10.0,202202240POR,Incorrect
864,-7,4,3.5,202202250WAS,Incorrect
865,-2,-8,-3.5,202202250ORL,Incorrect
866,-3,32,2.0,202202250CHO,Incorrect
867,-2,-4,-8.0,202202250IND,Correct
868,7,15,6.0,202202250NYK,Correct
869,-8,-31,2.5,202202250MIN,Correct
870,-7,-5,-6.0,202202250UTA,Incorrect
871,-10,15,-6.5,202202250PHO,Incorrect
872,5,-3,-3.0,202202250LAL,Push
873,7,9,12.5,202202260DET,Correct
874,5,27,-3.5,202202260ATL,Correct
875,7,6,-8.5,202202260CLE,Correct
876,7,4,-13.0,202202260MIA,Correct
877,-6,-6,2.0,202202260CHI,Correct
878,-7,3,-9.5,202202260MIL,Correct
879,7,5,-8.0,202202260DEN,Correct
880,-10,-16,7.5,202202270NYK,Correct
881,-5,-4,3.0,202202270PHO,Correct
882,7,-21,9.5,202202270IND,Correct
883,5,-1,-10.5,202202270CHO,Correct
884,3,-1,7.5,202202270HOU,Correct
885,-7,6,-4.0,202202270GSW,Incorrect
886,7,32,0.0,202202270POR,Correct
887,-3,-28,-2.5,202202270LAL,Correct
888,5,-16,-2.5,202202280ORL,Incorrect
889,7,-5,3.5,202202280CLE,Incorrect
890,-5,-13,-4.5,202202280MIA,Correct
891,5,-36,3.0,202202280BRK,Incorrect
892,7,13,-8.5,202202280MEM,Correct
893,-7,-24,-10.5,202202280MIL,Incorrect
894,-3,-21,5.5,202202280OKC,Correct
895,-7,-3,-3.0,202203010WAS,Push
896,-6,-9,-6.5,202203010BOS,Incorrect
897,5,-1,-8.0,202203010TOR,Correct
898,-7,15,4.0,202203010MIN,Incorrect
899,3,-13,7.0,202203010HOU,Correct
900,7,5,4.5,202203010LAL,Correct
901,-7,21,-4.0,202203020CLE,Incorrect
902,5,8,2.0,202203020ORL,Correct
903,-10,-15,-10.5,202203020PHI,Incorrect
904,-7,-5,15.0,202203020HOU,Correct
905,7,30,-6.5,202203020NOP,Correct
906,7,-1,-4.5,202203020MIL,Correct
907,7,-12,-15.5,202203020DEN,Correct
908,8,30,-11.0,202203020PHO,Correct
909,5,6,-2.0,202203030ATL,Correct
910,-7,2,-8.0,202203030TOR,Correct
911,2,13,-2.0,202203030BOS,Correct
912,5,-6,-3.0,202203030BRK,Incorrect
913,-7,9,-1.5,202203030DAL,Incorrect
914,-7,3,-6.5,202203030SAS,Incorrect
915,-7,-21,-2.0,202203030LAC,Correct
916,5,3,6.0,202203040WAS,Correct
917,-2,-6,-7.5,202203040PHI,Correct
918,-7,5,2.5,202203040DET,Incorrect
919,-7,6,-8.0,202203040TOR,Correct
920,-7,-6,5.0,202203040CHI,Correct
921,-7,34,4.5,202203040NOP,Incorrect
922,8,37,10.0,202203040OKC,Incorrect
923,11,15,-8.5,202203040DEN,Correct
924,-10,-1,-6.5,202203040PHO,Incorrect
925,7,1,-4.5,202203050DAL,Correct
926,-3,6,-4.0,202203050CHO,Correct
927,-2,17,-5.5,202203050MIA,Correct
928,8,14,-14.0,202203050MIN,Correct
929,7,28,-16.0,202203050MEM,Correct
930,-7,8,5.5,202203050LAL,Incorrect
931,7,6,-6.0,202203060BOS,Correct
932,5,10,-9.0,202203060MIL,Correct
933,-7,-10,-2.0,202203060WAS,Correct
934,-7,-13,14.0,202203060OKC,Correct
935,-19,11,10.5,202203060HOU,Incorrect
936,5,8,-4.5,202203060CLE,Correct
937,6,8,-4.5,202203060DEN,Correct
938,8,-23,-5.5,202203060LAC,Incorrect
939,5,-3,7.5,202203070DET,Correct
940,5,-15,-7.5,202203070PHI,Incorrect
941,-7,-17,-16.5,202203070MIA,Incorrect
942,8,43,-13.5,202203070MIN,Correct
943,-3,-7,-6.5,202203070SAS,Incorrect
944,-7,8,1.0,202203070DAL,Incorrect
945,12,7,-8.0,202203070DEN,Correct
946,5,16,-4.0,202203070SAC,Correct
947,5,11,4.0,202203080CHO,Correct
948,-16,-3,6.0,202203080ORL,Correct
949,7,3,2.5,202203080IND,Correct
950,8,21,-8.0,202203080MEM,Correct
951,7,27,13.5,202203080OKC,Incorrect
952,-7,-15,-6.0,202203080GSW,Correct
953,6,6,6.5,202203090DET,Correct
954,-10,-21,-4.0,202203090MIA,Correct
955,-7,9,7.5,202203090HOU,Incorrect
956,-7,-9,-4.5,202203090MIL,Correct
957,8,30,-15.5,202203090MIN,Correct
958,7,-6,-8.5,202203090NOP,Correct
959,8,-30,-8.5,202203090DAL,Incorrect
960,-5,-15,1.0,202203090SAS,Correct
961,-7,-38,-19.5,202203090UTA,Incorrect
962,7,6,6.5,202203090SAC,Incorrect
963,8,6,-3.5,202203090LAC,Correct
964,5,29,-3.5,202203100PHI,Correct
965,12,-11,1.5,202203100DEN,Incorrect
966,8,-8,8.5,202203110ORL,Correct
967,7,11,-14.5,202203110BOS,Correct
968,5,6,-7.5,202203110ATL,Correct
969,5,-12,-8.0,202203110MIA,Incorrect
970,8,4,-9.0,202203110MEM,Correct
971,-5,22,3.5,202203110NOP,Incorrect
972,-7,2,5.5,202203110SAS,Correct
973,-7,13,-4.5,202203110LAL,Incorrect
974,5,11,-1.5,202203120SAS,Correct
975,7,-9,-4.0,202203120MIA,Incorrect
976,5,-13,2.0,202203120GSW,Incorrect
977,-7,-9,-8.5,202203120UTA,Incorrect
978,6,-12,-7.0,202203120DEN,Incorrect
979,-7,9,7.0,202203120POR,Incorrect
980,8,3,-5.5,202203130BRK,Correct
981,-7,-4,4.0,202203130DET,Correct
982,5,-3,-7.0,202203130BOS,Correct
983,-7,-2,11.0,202203130ORL,Correct
984,5,3,-12.5,202203130ATL,Correct
985,7,7,15.0,202203130OKC,Correct
986,-7,-29,-7.5,202203130PHO,Incorrect
987,-2,9,-7.5,202203140CLE,Correct
988,5,4,-4.0,202203140PHI,Correct
989,5,9,-14.0,202203140ATL,Correct
990,8,18,11.5,202203140OKC,Incorrect
991,8,10,3.5,202203140SAS,Correct
992,7,14,-11.5,202203140GSW,Correct
993,-7,6,-2.0,202203140UTA,Incorrect
994,7,-9,4.5,202203140SAC,Incorrect
995,-5,-11,4.5,202203140LAL,Correct
996,5,42,10.0,202203150ORL,Incorrect
997,2,-33,6.5,202203150IND,Correct
998,-7,-7,-14.0,202203150MIA,Correct
999,-10,-16,4.5,202203150NOP,Correct
1000,-2,-4,4.0,202203160CLE,Correct
1001,7,18,6.0,202203160WAS,Correct
1002,5,-10,-1.0,202203160CHO,Incorrect
1003,5,30,-13.0,202203160NYK,Correct
1004,5,-2,3.0,202203160BRK,Incorrect
1005,-16,-17,10.0,202203160HOU,Correct
1006,-3,-20,-8.5,202203160MIN,Incorrect
1007,-3,-2,-11.5,202203160SAS,Correct
1008,7,9,8.5,202203160SAC,Incorrect
1009,5,22,-2.0,202203160GSW,Correct
1010,-5,-3,2.0,202203160LAC,Correct
1011,-7,14,-3.0,202203170ORL,Incorrect
1012,-7,-10,-4.5,202203180PHI,Correct
1013,-3,5,-8.0,202203180TOR,Correct
1014,7,3,-6.0,202203180NYK,Correct
1015,-2,3,2.5,202203180CLE,Incorrect
1016,8,5,-14.5,202203180BRK,Correct
1017,2,15,6.0,202203180ATL,Incorrect
1018,-7,-3,4.0,202203180HOU,Correct
1019,7,12,-14.5,202203180MIA,Correct
1020,7,33,-2.0,202203180SAS,Correct
1021,-7,-29,-5.5,202203180UTA,Correct
1022,7,29,10.5,202203180SAC,Incorrect
1023,-7,-27,-5.0,202203180PHO,Correct
1024,5,-19,-3.0,202203190MIN,Incorrect
1025,-7,21,-2.5,202203190CHO,Incorrect
1026,-8,-8,1.0,202203190WAS,Correct
1027,7,4,-6.0,202203190CLE,Correct
1028,-19,-24,12.5,202203200HOU,Correct
1029,7,31,-8.0,202203200IND,Correct
1030,7,3,8.0,202203200SAC,Correct
1031,5,-5,-5.0,202203200ATL,Push
1032,-3,-5,-8.5,202203200ORL,Correct
1033,-7,-15,3.5,202203200NYK,Correct
1034,7,20,3.0,202203200DEN,Correct
1035,-5,-5,-8.0,202203200PHI,Correct
1036,7,-2,-6.5,202203200GSW,Correct
1037,8,3,-5.5,202203210CHO,Correct
1038,-7,-4,-9.5,202203210DET,Correct
1039,7,-11,-5.0,202203210CLE,Incorrect
1040,-7,8,2.5,202203210BRK,Incorrect
1041,-2,-7,8.0,202203210PHI,Correct
1042,7,9,13.0,202203210OKC,Correct
1043,-7,18,3.5,202203210HOU,Incorrect
1044,-6,14,-3.5,202203210CHI,Incorrect
1045,-3,2,-1.5,202203210DAL,Incorrect
1046,-2,-4,7.5,202203220ORL,Correct
1047,5,6,3.5,202203220NYK,Correct
1048,-3,-28,-6.5,202203220MIL,Incorrect
1049,7,12,-6.5,202203220DEN,Correct
1050,7,-1,-6.0,202203230IND,Correct
1051,8,-15,-8.5,202203230CHO,Incorrect
1052,-7,28,-5.0,202203230BOS,Incorrect
1053,7,-14,-10.0,202203230MIA,Incorrect
1054,2,-12,1.0,202203230MEM,Incorrect
1055,-7,-9,-2.0,202203230MIN,Correct
1056,-3,16,2.0,202203230OKC,Incorrect
1057,11,19,-10.0,202203230DAL,Correct
1058,-3,-37,9.5,202203230POR,Correct
1059,-7,-5,10.0,202203230LAL,Correct
1060,5,-13,-5.5,202203240TOR,Incorrect
1061,7,12,-8.5,202203240MIL,Correct
1062,-5,-17,-3.5,202203240NOP,Correct
1063,2,-30,-11.5,202203240MEM,Incorrect
1064,-7,-10,-1.0,202203240DEN,Correct
1065,-7,6,4.0,202203250CHO,Incorrect
1066,-7,-3,-3.5,202203250DET,Incorrect
1067,5,11,-2.0,202203250ATL,Correct
1068,7,-8,-9.5,202203250MIA,Correct
1069,5,-21,-4.5,202203250MIN,Incorrect
1070,-7,19,4.5,202203250POR,Incorrect
1071,-7,-25,5.0,202203250LAC,Correct
1072,-2,-4,-6.0,202203260NOP,Correct
1073,-7,-4,-2.5,202203260ORL,Correct
1074,-6,-40,-12.0,202203260TOR,Incorrect
1075,8,25,1.0,202203260MEM,Correct
1076,-5,4,-2.0,202203260CLE,Incorrect
1077,-5,15,2.5,202203260MIA,Incorrect
1078,7,6,-17.0,202203260DEN,Correct
1079,-7,17,4.5,202203260POR,Incorrect
1080,-7,-2,5.0,202203270DET,Correct
1081,-7,-10,-4.5,202203270PHO,Correct
1082,5,22,-6.5,202203270BOS,Correct
1083,-5,-8,-4.0,202203270NOP,Correct
1084,5,-9,-7.0,202203270BRK,Incorrect
1085,-7,14,-4.0,202203270DAL,Incorrect
1086,-2,6,-9.0,202203280CLE,Correct
1087,-7,-4,3.5,202203280CHO,Correct
1088,7,9,7.5,202203280IND,Incorrect
1089,-5,-5,3.5,202203280NYK,Correct
1090,7,23,-14.0,202203280MIA,Correct
1091,6,-3,-8.5,202203280TOR,Correct
1092,-7,28,-9.0,202203280MEM,Correct
1093,3,-3,9.5,202203280HOU,Correct
1094,-7,3,-1.5,202203280POR,Incorrect
1095,5,2,0.0,202203290PHI,Correct
1096,8,13,4.0,202203290WAS,Correct
1097,7,7,-14.0,202203290BRK,Correct
1098,7,18,-12.0,202203290DAL,Correct
1099,-7,6,2.5,202203290LAC,Incorrect
1100,-2,-8,2.5,202203300CLE,Correct
1101,-7,-17,-4.0,202203300WAS,Correct
1102,7,7,10.0,202203300IND,Correct
1103,8,11,2.5,202203300NYK,Correct
1104,-5,-23,-2.5,202203300TOR,Correct
1105,5,-8,-5.0,202203300BOS,Incorrect
1106,7,18,13.0,202203300OKC,Incorrect
1107,-7,-3,3.0,202203300HOU,Correct
1108,7,1,5.0,202203300SAS,Incorrect
1109,7,10,15.0,202203300POR,Correct
1110,-2,-4,5.0,202203300GSW,Correct
1111,-7,8,9.5,202203310DET,Correct
1112,5,24,-6.5,202203310ATL,Correct
1113,-7,-1,-2.0,202203310BRK,Incorrect
1114,5,5,-2.5,202203310CHI,Correct
1115,-7,-13,-13.5,202203310UTA,Correct
1116,8,-32,7.5,202204010WAS,Incorrect
1117,-7,-13,11.5,202204010ORL,Correct
1118,7,5,-15.0,202204010BOS,Correct
1119,-7,-5,3.5,202204010HOU,Correct
1120,-7,8,8.0,202204010MEM,Push
1121,-7,34,-3.5,202204010MIL,Incorrect
1122,8,9,4.5,202204010OKC,Correct
1123,-3,-19,-13.5,202204010SAS,Incorrect
1124,5,-6,-3.0,202204010DEN,Incorrect
1125,-3,-3,-2.0,202204010LAL,Correct
1126,-8,-30,-5.5,202204020PHI,Correct
1127,5,7,2.0,202204020ATL,Correct
1128,-5,-18,2.5,202204020CHI,Correct
1129,-3,4,2.5,202204020GSW,Incorrect
1130,8,6,-6.5,202204030MIL,Correct
1131,7,42,-13.0,202204030BOS,Correct
1132,7,11,5.5,202204030LAL,Correct
1133,-7,4,-4.5,202204030IND,Incorrect
1134,-2,-4,5.5,202204030CLE,Correct
1135,7,30,5.0,202204030ORL,Correct
1136,-7,-7,13.5,202204030HOU,Correct
1137,-16,21,14.0,202204030OKC,Incorrect
1138,-3,-21,-13.5,202204030SAS,Incorrect
1139,-3,5,-4.5,202204030TOR,Correct
1140,-2,19,4.5,202204030SAC,Incorrect
1141,-3,19,-2.0,202204030LAC,Incorrect
1142,7,-5,8.0,202204050ORL,Correct
1143,-10,-9,11.0,202204050IND,Correct
1144,-7,-29,-4.5,202204050MIA,Correct
1145,5,-10,-4.5,202204050TOR,Incorrect
1146,7,13,-16.5,202204050BRK,Correct
1147,8,-18,-12.0,202204050MIN,Incorrect
1148,-7,4,-3.5,202204050OKC,Incorrect
1149,-7,-21,7.0,202204050CHI,Correct
1150,7,-19,-9.0,202204050DEN,Incorrect
1151,8,-6,-6.0,202204050UTA,Push
1152,7,14,7.5,202204050SAC,Incorrect
1153,-7,-11,-13.0,202204050PHO,Correct
1154,7,18,9.0,202204060DET,Incorrect
1155,8,12,7.0,202204060NYK,Correct
1156,5,15,-10.0,202204060ATL,Correct
1157,7,23,7.5,202204060CHI,Incorrect
1158,-7,-36,-15.5,202204060UTA,Incorrect
1159,-7,4,-7.5,202204060LAC,Correct
1160,8,27,-14.0,202204070CHO,Correct
1161,-5,-5,3.5,202204070TOR,Correct
1162,7,-6,-8.5,202204070MIL,Correct
1163,7,33,-16.5,202204070NOP,Correct
1164,-2,6,-7.0,202204070MIN,Correct
1165,2,13,-4.5,202204070DEN,Correct
1166,-7,-16,-14.0,202204070GSW,Incorrect
1167,5,22,3.5,202204080WAS,Correct
1168,-7,-30,10.0,202204080DET,Correct
1169,-5,11,-8.5,202204080BRK,Correct
1170,-19,-2,-11.5,202204080TOR,Incorrect
1171,5,-4,-1.5,202204080MIA,Incorrect
1172,-7,16,-2.5,202204080CHI,Incorrect
1173,11,50,-19.5,202204080DAL,Correct
1174,8,6,-3.0,202204080UTA,Correct
1175,-2,19,-6.0,202204080LAL,Correct
1176,-10,-13,-14.5,202204090PHI,Correct
1177,8,27,-8.0,202204090MEM,Correct
1178,-2,6,7.5,202204090SAS,Correct
1179,7,19,-11.5,202204090LAC,Correct
1180,8,16,-12.5,202204100CHO,Correct
1181,-2,18,-7.5,202204100CLE,Correct
1182,8,8,-16.5,202204100BRK,Correct
1183,11,16,12.0,202204100HOU,Incorrect
1184,7,-14,6.0,202204100ORL,Incorrect
1185,-7,-12,-6.5,202204100PHI,Correct
1186,2,29,9.0,202204100MEM,Incorrect
1187,5,11,0.0,202204100NYK,Correct
1188,5,4,-7.0,202204100MIN,Correct
1189,7,-7,-9.0,202204100PHO,Correct
1190,7,50,-12.0,202204100LAC,Correct
1191,-7,-31,17.0,202204100POR,Correct
1192,7,10,-10.0,202204100DAL,Correct
1193,-7,-21,7.0,202204100NOP,Correct
1194,7,-5,-6.0,202204100DEN,Correct
1195,8,7,-9.5,202204120BRK,Correct
